test_idx,ccId,quadrant,size_bucket,n_nodes,n_edges,y_true,prob,y_pred
11286,84477,TP_confident,2-node,2,1,1,0.9993637204170227,1
22246,95134,TP_confident,2-node,2,1,1,0.9637759923934937,1
15860,91399,TP_confident,2-node,2,1,1,0.9998472929000854,1
21899,108775,TP_confident,2-node,2,1,1,0.9972217082977295,1
10071,108822,TP_confident,2-node,2,1,1,0.9992637038230896,1
9870,68357,TP_confident,2-node,2,1,1,0.9995064735412598,1
15952,120548,TP_confident,2-node,2,1,1,0.9988957643508911,1
19344,104133,TP_confident,2-node,2,1,1,0.9986993074417114,1
1956,113283,TP_confident,2-node,2,1,1,0.9963588118553162,1
11471,95231,TP_confident,2-node,2,1,1,0.99991774559021,1
4327,101897,TP_confident,2-node,2,1,1,0.9994421601295471,1
719,114236,TP_confident,2-node,2,1,1,0.9993340373039246,1
18389,101834,TP_confident,2-node,2,1,1,0.9999849796295166,1
8482,53526,TP_confident,3-node,3,2,1,0.9870814681053162,1
12510,44885,TP_confident,3-node,3,2,1,0.99899822473526,1
18258,53837,TP_confident,3-node,3,2,1,0.988750159740448,1
15776,54672,TP_confident,3-node,3,2,1,0.9991146922111511,1
24102,42463,TP_confident,3-node,3,2,1,0.9693097472190857,1
3401,42869,TP_confident,3-node,3,2,1,0.9962354302406311,1
9728,55899,TP_confident,3-node,3,2,1,0.999911904335022,1
16956,57549,TP_confident,3-node,3,2,1,0.9982908368110657,1
9016,63045,TP_confident,3-node,3,2,1,0.9637329578399658,1
8776,45343,TP_confident,3-node,3,2,1,0.9996751546859741,1
12623,47432,TP_confident,3-node,3,2,1,0.9995563626289368,1
6667,53672,TP_confident,3-node,3,2,1,0.996749758720398,1
18693,44056,TP_confident,3-node,3,2,1,0.9754217863082886,1
22444,14414,TP_confident,4+-node,6,7,1,0.9996817111968994,1
23302,15409,TP_confident,4+-node,6,5,1,0.9983966946601868,1
20336,37591,TP_confident,4+-node,4,3,1,0.9999556541442871,1
2575,11488,TP_confident,4+-node,7,9,1,0.997331976890564,1
2258,4729,TP_confident,4+-node,9,9,1,0.994818389415741,1
12106,16902,TP_confident,4+-node,6,7,1,0.9937463998794556,1
19236,19810,TP_confident,4+-node,6,5,1,0.9934656023979187,1
9068,16569,TP_confident,4+-node,6,5,1,0.9986735582351685,1
21384,25327,TP_confident,4+-node,5,4,1,0.9995899796485901,1
12192,13123,TP_confident,4+-node,6,5,1,0.9998512268066406,1
20196,22869,TP_confident,4+-node,6,5,1,0.9747058749198914,1
10596,10268,TP_confident,4+-node,7,6,1,0.9905112385749817,1
22964,4171,TP_confident,4+-node,9,9,1,0.9438110589981079,1
20635,118449,TP_confident,2-node,2,1,1,0.997245192527771,1
3566,91672,TP_borderline,2-node,2,1,1,0.9135647416114807,1
1402,70108,TP_borderline,2-node,2,1,1,0.9181733727455139,1
21558,94039,TP_borderline,2-node,2,1,1,0.9368119835853577,1
9574,75208,TP_borderline,2-node,2,1,1,0.9221677780151367,1
20855,73181,TP_borderline,2-node,2,1,1,0.9417931437492371,1
16335,91181,TP_borderline,2-node,2,1,1,0.941533088684082,1
5931,58201,TP_borderline,3-node,3,2,1,0.9139472246170044,1
4339,54760,TP_borderline,3-node,3,2,1,0.9305937886238098,1
18768,59414,TP_borderline,3-node,3,2,1,0.9325814247131348,1
923,57759,TP_borderline,3-node,3,2,1,0.9204906225204468,1
3650,54669,TP_borderline,3-node,3,2,1,0.9275420904159546,1
17740,12427,TP_borderline,4+-node,6,5,1,0.9196792840957642,1
7150,20240,TP_borderline,4+-node,6,5,1,0.9421039819717407,1
5544,10968,TP_borderline,4+-node,7,6,1,0.9224885106086731,1
11614,20846,TP_borderline,4+-node,6,5,1,0.917017936706543,1
20746,14457,TP_borderline,4+-node,6,5,1,0.9216535091400146,1
6275,13764,TP_borderline,4+-node,6,5,1,0.9251630902290344,1
1945,71689,TP_borderline,2-node,2,1,1,0.9235823154449463,1
18088,9998,TP_borderline,4+-node,7,6,1,0.9346275925636292,1
1157,91948,TP_borderline,2-node,2,1,1,0.9162520170211792,1
11964,119926,FP,2-node,2,1,0,0.9933056235313416,1
7426,86915,FP,2-node,2,1,0,0.9273462295532227,1
22695,117045,FP,2-node,2,1,0,0.9313623905181885,1
6893,74806,FP,2-node,2,1,0,0.9986103773117065,1
3706,68384,FP,2-node,2,1,0,0.950347363948822,1
13927,98767,FP,2-node,2,1,0,0.931547224521637,1
1049,110297,FP,2-node,2,1,0,0.9860644340515137,1
16495,121224,FP,2-node,2,1,0,0.9609166383743286,1
17110,93603,FP,2-node,2,1,0,0.9697035551071167,1
20078,98854,FP,2-node,2,1,0,0.9915110468864441,1
18247,112429,FP,2-node,2,1,0,0.9265485405921936,1
18114,66482,FP,2-node,2,1,0,0.996878981590271,1
13166,89127,FP,2-node,2,1,0,0.9897271990776062,1
22658,47323,FP,3-node,3,2,0,0.940928041934967,1
832,61300,FP,3-node,3,2,0,0.9590260982513428,1
7959,59476,FP,3-node,3,2,0,0.9717566967010498,1
22435,62367,FP,3-node,3,3,0,0.9173703789710999,1
5282,62805,FP,3-node,3,2,0,0.9636393785476685,1
15633,45622,FP,3-node,3,2,0,0.9414710998535156,1
611,44703,FP,3-node,3,2,0,0.9477236270904541,1
18425,50372,FP,3-node,3,2,0,0.9844490885734558,1
10745,53077,FP,3-node,3,2,0,0.9726954102516174,1
6008,46741,FP,3-node,3,2,0,0.9938451051712036,1
22380,60900,FP,3-node,3,2,0,0.9310300946235657,1
3940,57814,FP,3-node,3,2,0,0.9332090616226196,1
9154,59282,FP,3-node,3,2,0,0.9422245025634766,1
13698,40445,FP,4+-node,4,3,0,0.9531140327453613,1
7314,30155,FP,4+-node,5,4,0,0.9537385106086731,1
2822,17437,FP,4+-node,6,5,0,0.9458092451095581,1
9382,15305,FP,4+-node,6,5,0,0.9856235980987549,1
17941,36581,FP,4+-node,4,3,0,0.9425257444381714,1
24185,9428,FP,4+-node,7,6,0,0.9930688142776489,1
7096,11731,FP,4+-node,6,7,0,0.9717857241630554,1
14824,28931,FP,4+-node,5,4,0,0.9760323762893677,1
18572,28995,FP,4+-node,5,5,0,0.9492771029472351,1
16983,16019,FP,4+-node,6,5,0,0.9643564820289612,1
18908,9550,FP,4+-node,7,6,0,0.9969183206558228,1
11786,23863,FP,4+-node,5,4,0,0.9885265827178955,1
6190,7739,FP,4+-node,8,7,0,0.9439381957054138,1
14614,115865,FP,2-node,2,1,0,0.9650490880012512,1
10769,98777,FN,2-node,2,1,1,0.6859187483787537,0
1058,94618,FN,2-node,2,1,1,0.6381969451904297,0
6037,72861,FN,2-node,2,1,1,0.6530179977416992,0
20229,82580,FN,2-node,2,1,1,0.37849894165992737,0
20540,87815,FN,2-node,2,1,1,0.7386612296104431,0
14463,88568,FN,2-node,2,1,1,0.6581981778144836,0
19948,105568,FN,2-node,2,1,1,0.5564055442810059,0
9314,68806,FN,2-node,2,1,1,0.5158450603485107,0
14523,106700,FN,2-node,2,1,1,0.7755821943283081,0
18803,64910,FN,2-node,2,1,1,0.7273379564285278,0
10762,93075,FN,2-node,2,1,1,0.3338392376899719,0
3020,66263,FN,2-node,2,1,1,0.5199682712554932,0
5774,116561,FN,2-node,2,1,1,0.876128613948822,0
10671,57108,FN,3-node,3,2,1,0.007223066873848438,0
2949,54742,FN,3-node,3,2,1,0.6795552372932434,0
20470,47334,FN,3-node,3,2,1,0.6162616014480591,0
4250,53089,FN,3-node,3,2,1,0.0008998420089483261,0
5631,57393,FN,3-node,3,2,1,0.4941638112068176,0
13341,42180,FN,3-node,3,2,1,0.8286741375923157,0
2688,62339,FN,3-node,3,2,1,0.7788956761360168,0
11523,50436,FN,3-node,3,2,1,0.8701202869415283,0
19898,58761,FN,3-node,3,2,1,0.407583087682724,0
2649,42224,FN,3-node,3,2,1,0.770898699760437,0
21618,53361,FN,3-node,3,2,1,0.5021401643753052,0
8801,58342,FN,3-node,3,2,1,0.032536089420318604,0
1317,49084,FN,3-node,3,2,1,0.749823272228241,0
9501,37803,FN,4+-node,4,3,1,0.5651112794876099,0
12779,13806,FN,4+-node,6,5,1,0.9048577547073364,0
23337,16359,FN,4+-node,6,5,1,0.5161692500114441,0
2421,35000,FN,4+-node,4,3,1,0.6638004779815674,0
8299,33411,FN,4+-node,4,3,1,0.6151393055915833,0
5242,36647,FN,4+-node,4,3,1,0.6815277934074402,0
7801,34802,FN,4+-node,4,3,1,0.8132702708244324,0
15665,30352,FN,4+-node,4,3,1,0.26760217547416687,0
7819,22337,FN,4+-node,6,6,1,0.5151960253715515,0
5419,3468,FN,4+-node,10,9,1,0.7275514006614685,0
22747,16001,FN,4+-node,6,5,1,0.06206417456269264,0
19058,16686,FN,4+-node,6,5,1,0.8304951190948486,0
9784,40954,FN,4+-node,4,3,1,0.587405264377594,0
584,34064,FN,4+-node,4,3,1,0.002883317181840539,0
18277,122645,TN_random,2-node,2,1,0,4.2773297792564335e-08,0
5042,118176,TN_random,2-node,2,1,0,0.24283429980278015,0
11656,74406,TN_random,2-node,2,1,0,0.15528608858585358,0
2579,71294,TN_random,2-node,2,1,0,0.44777023792266846,0
16892,119038,TN_random,2-node,2,1,0,0.0011977540561929345,0
900,86316,TN_random,2-node,2,1,0,0.4341031312942505,0
24187,119434,TN_random,2-node,2,1,0,0.13271816074848175,0
12727,98544,TN_random,2-node,2,1,0,0.04808471351861954,0
23578,113962,TN_random,2-node,2,1,0,0.40501174330711365,0
16014,90830,TN_random,2-node,2,1,0,0.0008934829966165125,0
1376,52592,TN_random,3-node,3,2,0,0.0004166527069173753,0
21954,60510,TN_random,3-node,3,2,0,3.7072707073093625e-06,0
20227,45332,TN_random,3-node,3,2,0,0.05589611083269119,0
24153,63174,TN_random,3-node,3,2,0,0.03909629210829735,0
15660,62777,TN_random,3-node,3,2,0,3.4522304304118734e-06,0
7267,60554,TN_random,3-node,3,2,0,0.00014161510625854135,0
18426,45429,TN_random,3-node,3,2,0,2.9460586531068755e-13,0
23655,56908,TN_random,3-node,3,2,0,0.005003941245377064,0
18031,50357,TN_random,3-node,3,2,0,6.387620669556782e-05,0
5121,55541,TN_random,3-node,3,2,0,0.02085905522108078,0
14098,29235,TN_random,4+-node,5,4,0,0.3742140829563141,0
2831,19052,TN_random,4+-node,6,5,0,0.0008204237092286348,0
690,19642,TN_random,4+-node,6,5,0,0.4199986159801483,0
8692,34498,TN_random,4+-node,4,3,0,0.659394383430481,0
6952,8849,TN_random,4+-node,7,6,0,0.0002542613656260073,0
20036,24959,TN_random,4+-node,5,4,0,0.05202239379286766,0
20665,14397,TN_random,4+-node,6,5,0,0.43788161873817444,0
9879,18849,TN_random,4+-node,6,5,0,9.42984624998644e-05,0
8185,23395,TN_random,4+-node,6,5,0,0.12217769771814346,0
8160,37462,TN_random,4+-node,4,3,0,0.1351037323474884,0
10191,89694,TN_near,2-node,2,1,0,0.799542248249054,0
18920,72885,TN_near,2-node,2,1,0,0.8427373170852661,0
16966,102099,TN_near,2-node,2,1,0,0.7818340063095093,0
6896,114690,TN_near,2-node,2,1,0,0.7717639803886414,0
23884,98987,TN_near,2-node,2,1,0,0.8310760855674744,0
21885,117014,TN_near,2-node,2,1,0,0.7717176675796509,0
4062,102232,TN_near,2-node,2,1,0,0.8656400442123413,0
6538,69296,TN_near,2-node,2,1,0,0.7993220686912537,0
10564,105379,TN_near,2-node,2,1,0,0.8007726073265076,0
16073,94441,TN_near,2-node,2,1,0,0.7659714818000793,0
4564,49420,TN_near,3-node,3,3,0,0.8207962512969971,0
11235,45221,TN_near,3-node,3,2,0,0.8323071599006653,0
20921,60450,TN_near,3-node,3,2,0,0.816375195980072,0
13850,59553,TN_near,3-node,3,2,0,0.9089364409446716,0
20181,53447,TN_near,3-node,3,2,0,0.8071044087409973,0
7490,47941,TN_near,3-node,3,2,0,0.7770309448242188,0
23982,62039,TN_near,3-node,3,2,0,0.822203516960144,0
20571,48893,TN_near,3-node,3,2,0,0.8414551019668579,0
14791,55452,TN_near,3-node,3,3,0,0.7710232734680176,0
16141,56700,TN_near,3-node,3,2,0,0.8141703009605408,0
722,30760,TN_near,4+-node,4,3,0,0.8004540801048279,0
17441,29265,TN_near,4+-node,5,4,0,0.8214396834373474,0
6494,11541,TN_near,4+-node,7,6,0,0.8273186087608337,0
6151,10461,TN_near,4+-node,7,6,0,0.7823970317840576,0
19024,18022,TN_near,4+-node,6,5,0,0.7942451238632202,0
17678,29580,TN_near,4+-node,5,4,0,0.8268793821334839,0
11961,33734,TN_near,4+-node,4,3,0,0.900934636592865,0
4324,13501,TN_near,4+-node,6,7,0,0.779266893863678,0
10032,34697,TN_near,4+-node,4,3,0,0.8758577108383179,0
18656,23311,TN_near,4+-node,6,5,0,0.8325472474098206,0
